config,None,data_width,222
config,None,storage_width,222
config,None,depth,1024
config,None,samplerate,90000000
config,None,subsampler_width,16
config,None,with_rle,0
config,None,rle_length,256
signal,0,fsm0_state,4
enum,0,fsm0_state,0,SEND-ALIGN
enum,0,fsm0_state,1,RESET
enum,0,fsm0_state,2,AWAIT-CRG-RESET
enum,0,fsm0_state,3,COMINIT
enum,0,fsm0_state,4,AWAIT-COMINIT
enum,0,fsm0_state,5,AWAIT-NO-COMINIT
enum,0,fsm0_state,6,CALIBRATE
enum,0,fsm0_state,7,COMWAKE
enum,0,fsm0_state,8,AWAIT-COMWAKE
enum,0,fsm0_state,9,AWAIT-NO-COMWAKE
enum,0,fsm0_state,10,AWAIT-ALIGN
enum,0,fsm0_state,11,READY
enum,0,fsm0_state,12,RESET_RX
enum,0,fsm0_state,13,BACKOFF
signal,0,sata_phy_ctrl_ready,1
signal,0,fsm5_state,3
enum,0,fsm5_state,0,RESET-ALL
enum,0,fsm5_state,1,WAIT-TX-PLL-LOCK
enum,0,fsm5_state,2,APPLY-TX-PCS-RESET
enum,0,fsm5_state,3,WAIT-RX-SIGNAL
enum,0,fsm5_state,4,APPLY-RX-CDR-RESET
enum,0,fsm5_state,5,WAIT-RX-CDR-LOCK
enum,0,fsm5_state,6,APPLY-RX-PCS-RESET
enum,0,fsm5_state,7,READY
signal,0,sata_phy_phy_serdesecp5_init_tx_lol,1
signal,0,sata_phy_phy_serdesecp5_init_rx_lol,1
signal,0,sata_phy_phy_serdesecp5_init_rx_los,1
signal,0,sata_phy_phy_serdesecp5_init_tx_pll_rst,1
signal,0,sata_phy_phy_serdesecp5_init_tx_pcs_rst,1
signal,0,sata_phy_phy_serdesecp5_init_rx_cdr_rst,1
signal,0,sata_phy_phy_serdesecp5_init_rx_pcs_rst,1
signal,0,sata_phy_phy_tx_cominit_stb,1
signal,0,sata_phy_phy_tx_cominit_ack,1
signal,0,sata_phy_phy_tx_comwake_stb,1
signal,0,sata_phy_phy_tx_comwake_ack,1
signal,0,sata_phy_phy_rx_cominit_stb,1
signal,0,sata_phy_phy_rx_comwake_stb,1
signal,0,sata_phy_phy_rx_idle0,1
signal,0,sata_phy_phy_ldr_idle,1
signal,0,sata_phy_phy_gap_count,16
signal,0,sata_phy_phy_cominit_gaps,3
signal,0,sata_phy_phy_comwake_gaps,3
signal,0,sata_phy_phy_tx_polarity,1
signal,0,sata_phy_phy_rx_polarity,1
signal,0,long_activity,1
signal,0,sata_phy_phy_serdesecp5_rx_bus_dbg,24
signal,0,sata_phy_phy_serdesecp5_bp_src_dbg,20
signal,0,sata_phy_phy_serdesecp5_bp_dec_d,16
signal,0,sata_phy_phy_serdesecp5_bp_dec_k,2
signal,0,sata_phy_phy_serdesecp5_bp_dec_inv,2
signal,0,sata_phy_phy_serdesecp5_bp_slip_dbg,5
signal,0,sata_phy_phy_serdesecp5_rx_lol_dbg,1
signal,0,sata_phy_datapath_rx_source_source_valid,1
signal,0,sata_phy_datapath_rx_source_source_payload_data,32
signal,0,sata_phy_datapath_rx_source_source_payload_charisk,4
signal,0,sata_phy_phy_sink_sink_valid,1
signal,0,sata_phy_phy_sink_sink_payload_data,16
signal,0,sata_phy_phy_sink_sink_payload_charisk,2
signal,0,sata_phy_phy_serdesecp5_tx_data_dbg,20
signal,0,sata_phy_phy_serdesecp5_tx_bus_dbg,24
signal,0,sata_phy_ctrl_rx_idle,1
signal,0,sata_phy_ctrl_misalign,1
signal,0,sata_phy_phy_rxnotintable0,2
signal,1,sata_phy_datapath_source_source_valid,1
signal,1,sata_phy_datapath_source_source_ready,1
signal,1,sata_phy_datapath_source_source_first,1
signal,1,sata_phy_datapath_source_source_last,1
signal,1,sata_phy_datapath_source_source_payload_data,32
signal,1,sata_phy_datapath_source_source_payload_charisk,4
signal,1,sata_phy_datapath_sink_sink_valid,1
signal,1,sata_phy_datapath_sink_sink_ready,1
signal,1,sata_phy_datapath_sink_sink_first,1
signal,1,sata_phy_datapath_sink_sink_last,1
signal,1,sata_phy_datapath_sink_sink_payload_data,32
signal,1,sata_phy_datapath_sink_sink_payload_charisk,4
signal,2,fsm1_state,3
enum,2,fsm1_state,0,IDLE
enum,2,fsm1_state,1,RDY
enum,2,fsm1_state,2,SOF
enum,2,fsm1_state,3,COPY
enum,2,fsm1_state,4,HOLDA
enum,2,fsm1_state,5,EOF
enum,2,fsm1_state,6,WTRM
signal,2,fsm2_state,3
enum,2,fsm2_state,0,IDLE
enum,2,fsm2_state,1,RDY
enum,2,fsm2_state,2,WAIT_FIRST
enum,2,fsm2_state,3,COPY
enum,2,fsm2_state,4,EOF
enum,2,fsm2_state,5,WTRM
enum,2,fsm2_state,6,R_OK
enum,2,fsm2_state,7,R_ERR
signal,2,litesatalinktx_from_rx_payload_idle,1
signal,2,litesatalinktx_from_rx_payload_insert,32
signal,2,litesatalinktx_from_rx_payload_primitive_valid,1
signal,2,litesatalinktx_from_rx_payload_primitive,32
signal,2,litesatalinktx_error,1
signal,2,link_tx_payload_valid,1
signal,2,link_tx_payload_ready,1
signal,2,link_tx_payload_last,1
signal,2,link_tx_payload_data,32
signal,2,tx_align_source_valid,1
signal,2,tx_align_source_payload_data,32
signal,2,tx_align_source_payload_charisk,4
signal,2,sata_phy_datapath_sink_sink_valid,1
signal,2,sata_phy_datapath_sink_sink_payload_data,32
signal,2,sata_phy_datapath_sink_sink_payload_charisk,4
signal,2,sata_phy_ctrl_ready,1
signal,2,sata_phy_ctrl_rx_idle,1
signal,3,fsm6_state,2
enum,3,fsm6_state,0,IDLE
enum,3,fsm6_state,1,SEND-CMD
enum,3,fsm6_state,2,WAIT-ACK
enum,3,fsm6_state,3,RECEIVE-DATA
signal,3,fsm3_state,2
enum,3,fsm3_state,0,IDLE
enum,3,fsm3_state,1,SEND_CMD
enum,3,fsm3_state,2,WAIT_DMA_ACTIVATE
enum,3,fsm3_state,3,SEND_DATA
signal,3,fsm4_state,4
enum,3,fsm4_state,0,IDLE
enum,3,fsm4_state,1,WAIT_WRITE_ACTIVATE_OR_REG_D2H
enum,3,fsm4_state,2,PRESENT_WRITE_RESPONSE
enum,3,fsm4_state,3,PRESENT_SOFT_RESET_RESPONSE
enum,3,fsm4_state,4,WAIT_READ_DATA_OR_REG_D2H
enum,3,fsm4_state,5,WAIT_PIO_SETUP_D2H
enum,3,fsm4_state,6,EAT_REG_D2H
enum,3,fsm4_state,7,PRESENT_PIO_SETUP_D2H
enum,3,fsm4_state,8,PRESENT_READ_DATA
enum,3,fsm4_state,9,PRESENT_READ_RESPONSE
enum,3,fsm4_state,10,FLUSH
signal,3,fsm7_state,2
enum,3,fsm7_state,0,IDLE
enum,3,fsm7_state,1,SEND_CTRL_CMD
enum,3,fsm7_state,2,SEND_DATA_CMD
enum,3,fsm7_state,3,SEND_DATA
signal,3,fsm8_state,3
enum,3,fsm8_state,0,IDLE
enum,3,fsm8_state,1,RECEIVE_CTRL_CMD
enum,3,fsm8_state,2,PRESENT_CTRL_CMD
enum,3,fsm8_state,3,RECEIVE_DATA_CMD
enum,3,fsm8_state,4,PRESENT_DATA
signal,3,command_tx_sink_valid,1
signal,3,command_tx_sink_ready,1
signal,3,command_tx_sink_param_identify,1
signal,3,litesatalinktx_sink_sink_valid,1
signal,3,litesatalinktx_sink_sink_ready,1
signal,3,rx_buffer_source_valid,1
signal,3,rx_buffer_source_ready,1
signal,3,sata_phy_ctrl_ready,1
